name,state,shapefile,columns,overlaps,gaps,topological_errors
NH-shapefiles,NH,NH.zip,"['PRES12R', 'PRES12D', 'GOV12R', 'GOV12D', 'USH12R', 'USH12D', 'GOV14R', 'GOV14D', 'PRES16R', 'PRES16D', 'GOV16R', 'GOV16D', 'SEN16R', 'SEN16D', 'USH16R', 'USH16D', 'GOV18R', 'GOV18D', 'COUNTY', 'STATE', 'STATEFP', 'COUNTYFP', 'Precinct', 'TOTPOP', 'NH_WHITE', 'NH_BLACK', 'NH_AMIN', 'NH_ASIAN', 'NH_NHPI', 'NH_OTHER', 'NH_2MORE', 'HISP', 'H_WHITE', 'H_BLACK', 'H_AMIN', 'H_NHPI', 'H_OTHER', 'H_2MORE', 'VAP', 'HVAP', 'WVAP', 'BVAP', 'AMINVAP', 'ASIANVAP', 'NHPIVAP', 'OTHERVAP', '2MOREVAP', 'HDIST', 'SEND', 'CD', 'SSEN14R', 'SSEN14D', 'SSEN16R', 'SSEN16D', 'EC12R', 'EC12D', 'EC14R', 'EC14D', 'EC20D', 'EC20R', 'GOV20D', 'GOV20R', 'PRES20D', 'PRES20R', 'SSEN20D', 'SSEN20R', 'USH20D', 'USH20R', 'SEN20D', 'SEN20R', 'geometry']",90,204,0
PA-shapefiles,PA,PA.zip,"['STATEFP10', 'COUNTYFP10', 'VTDST10', 'GEOID10', 'VTDI10', 'NAME10', 'NAMELSAD10', 'LSAD10', 'MTFCC10', 'FUNCSTAT10', 'ALAND10', 'AWATER10', 'INTPTLAT10', 'INTPTLON10', 'TOTPOP', 'NH_WHITE', 'NH_BLACK', 'NH_AMIN', 'NH_ASIAN', 'NH_NHPI', 'NH_OTHER', 'NH_2MORE', 'HISP', 'H_WHITE', 'H_BLACK', 'H_AMIN', 'H_ASIAN', 'H_NHPI', 'H_OTHER', 'H_2MORE', 'VAP', 'HVAP', 'WVAP', 'BVAP', 'AMINVAP', 'ASIANVAP', 'NHPIVAP', 'OTHERVAP', '2MOREVAP', 'ATG12D', 'ATG12R', 'GOV10D', 'GOV10R', 'PRES12D', 'PRES12O', 'PRES12R', 'SEN10D', 'SEN10R', 'T16ATGD', 'T16ATGR', 'T16PRESD', 'T16PRESOTH', 'T16PRESR', 'T16SEND', 'T16SENR', 'USS12D', 'USS12R', 'REMEDIAL', 'GOV', 'TS', 'CD_2011', 'SEND', 'HDIST', '538DEM', '538GOP', '538CMPCT', 'GOV14D', 'GOV14R', 'geometry']",0,0,0
WA-shapefiles,WA,Benton_2016.zip,"['COUNTY', 'TOTPOP', 'NH_WHITE', 'NH_BLACK', 'NH_AMIN', 'NH_ASIAN', 'NH_NHPI', 'NH_OTHER', 'NH_2MORE', 'HISP', 'VAP', 'HVAP', 'WVAP', 'BVAP', 'AMINVAP', 'ASIANVAP', 'NHPIVAP', 'OTHERVAP', '2MOREVAP', 'Precinct', 'COUNTYFP', 'CODE', 'STATE', 'STATEFP', 'H_WHITE', 'H_BLACK', 'H_AMIN', 'H_ASIAN', 'H_NHPI', 'H_OTHER', 'H_2MORE', 'AG16D', 'AG16L', 'LG16D', 'LG16R', 'PRES16D', 'PRES16R', 'PRES16L', 'SOS16D', 'SOS16R', 'AUD16D', 'AUD16R', 'TRE16D', 'TRE16R', 'SEN16D', 'SEN16R', 'GOV16D', 'GOV16R', 'USH16D', 'USH16R', 'SH16R', 'SH16D', 'geometry']",290,6558,0
WA-shapefiles,WA,Chelan_2016.zip,"['COUNTY', 'STATE', 'STATEFP', 'CODE', 'PRES16D', 'PRES16R', 'SEN16D', 'SEN16R', 'GOV16D', 'GOV16R', 'LG16D', 'LG16R', 'SOS16D', 'SOS16R', 'TRE16D', 'TRE16R', 'AUD16D', 'AUD16R', 'AG16D', 'AG16L', 'COUNTYFP', 'Precinct', 'TOTPOP', 'NH_WHITE', 'NH_BLACK', 'NH_AMIN', 'NH_ASIAN', 'NH_NHPI', 'NH_OTHER', 'NH_2MORE', 'HISP', 'H_WHITE', 'H_BLACK', 'H_AMIN', 'H_NHPI', 'H_OTHER', 'H_2MORE', 'VAP', 'HVAP', 'WVAP', 'BVAP', 'AMINVAP', 'ASIANVAP', 'NHPIVAP', 'OTHERVAP', '2MOREVAP', 'USH16D', 'USH16R', 'geometry']",172,873,0
WA-shapefiles,WA,Wenatchee-2016.zip,"['COUNTY', 'STATE', 'STATEFP', 'CODE', 'PRES16D', 'PRES16R', 'SEN16D', 'SEN16R', 'GOV16D', 'GOV16R', 'LG16D', 'LG16R', 'SOS16D', 'SOS16R', 'TRE16D', 'TRE16R', 'AUD16D', 'AUD16R', 'AG16D', 'AG16L', 'COUNTYFP', 'Precinct', 'TOTPOP', 'NH_WHITE', 'NH_BLACK', 'NH_AMIN', 'NH_ASIAN', 'NH_NHPI', 'NH_OTHER', 'NH_2MORE', 'HISP', 'H_WHITE', 'H_BLACK', 'H_AMIN', 'H_NHPI', 'H_OTHER', 'H_2MORE', 'VAP', 'HVAP', 'WVAP', 'BVAP', 'AMINVAP', 'ASIANVAP', 'NHPIVAP', 'OTHERVAP', '2MOREVAP', 'USH16D', 'USH16R', 'geometry']",82,236,0
WA-shapefiles,WA,Pierce_2016.zip,"['LEGDIST', 'COUNTY', 'PRES16D', 'PRES16R', 'PRES16L', 'SEN16D', 'SEN16R', 'GOV16D', 'GOV16R', 'LG16D', 'LG16R', 'SOS16D', 'SOS16R', 'TRE16D', 'TRE16R', 'AUD16D', 'AUD16R', 'AG16D', 'AG16L', 'SSEN16D', 'SSEN16R', 'TOTPOP', 'NH_WHITE', 'NH_BLACK', 'NH_AMIN', 'NH_ASIAN', 'NH_NHPI', 'NH_OTHER', 'NH_2MORE', 'HISP', 'H_WHITE', 'H_BLACK', 'H_AMIN', 'H_NHPI', 'H_OTHER', 'H_2MORE', 'VAP', 'HVAP', 'WVAP', 'BVAP', 'AMINVAP', 'ASIANVAP', 'NHPIVAP', 'OTHERVAP', '2MOREVAP', 'USH16D', 'USH16R', 'SH16D', 'SH16R', 'SH16L', 'STATE', 'STATEFP', 'COUNTYFP', 'Precinct', 'CODE', 'CD', 'SEND', 'HDIST', 'geometry']",58,1943,0
WA-shapefiles,WA,King_2016.zip,"['COUNTY', 'PRES16D', 'PRES16R', 'GOV16D', 'GOV16R', 'State', 'STATEFP', 'COUNTYFP', 'CODE', 'Precinct', 'TOTPOP', 'NH_WHITE', 'NH_BLACK', 'NH_AMIN', 'NH_ASIAN', 'NH_NHPI', 'NH_OTHER', 'NH_2MORE', 'HISP', 'H_WHITE', 'H_BLACK', 'H_AMIN', 'H_NHPI', 'H_OTHER', 'H_2MORE', 'VAP', 'HVAP', 'WVAP', 'BVAP', 'AMINVAP', 'ASIANVAP', 'NHPIVAP', 'OTHERVAP', '2MOREVAP', 'geometry']",88,238,0
NM-shapefiles,NM,new_mexico_precincts.zip,"['NAME10', 'prec_num', 'County', 'AG18D', 'AG18R', 'AG18L', 'SOS18D', 'SOS18L', 'SEN18R', 'SEN18D', 'SEN18L', 'PRES16L', 'PRES16R', 'PRES16D', 'SOS16R', 'SOS16D', 'GOV18D', 'GOV18R', 'CDDIST', 'HDIST', 'SDIST', 'TOTPOP', 'NH_WHITE', 'NH_BLACK', 'NH_AMIN', 'NH_ASIAN', 'NH_NHPI', 'NH_OTHER', 'NH_2MORE', 'HISP', 'H_WHITE', 'H_BLACK', 'H_AMIN', 'H_ASIAN', 'H_NHPI', 'H_OTHER', 'H_2MORE', 'VAP', 'HVAP', 'WVAP', 'BVAP', 'AMINVAP', 'ASIANVAP', 'NHPIVAP', 'OTHERVAP', '2MOREVAP', 'Area', 'Perimeter', 'SOS18R', 'geometry']",0,0,0
WI-shapefiles,WI,WI_2011_wards.zip,"['GEOID10', 'OBJECTID', 'NAME', 'ASM', 'SEN', 'CON', 'CNTY_NAME', 'PERSONS', 'WHITE', 'BLACK', 'HISPANIC', 'ASIAN', 'AMINDIAN', 'PISLAND', 'OTHER', 'OTHERMLT', 'PERSONS18', 'WHITE18', 'BLACK18', 'HISPANIC18', 'ASIAN18', 'AMINDIAN18', 'PISLAND18', 'OTHER18', 'OTHERMLT18', 'CDATOT16', 'CDADEM16', 'CDADEM216', 'CDAREP16', 'CDAIND16', 'CDASCT16', 'PRETOT16', 'PREDEM16', 'PREREP16', 'PREGRN16', 'PRELIB16', 'PRECON16', 'PREIND16', 'PREIND216', 'PREIND316', 'PREIND416', 'PREIND516', 'PREIND616', 'PREIND716', 'PREIND816', 'PREIND916', 'PREIND1016', 'PREIND1116', 'PRESCT16', 'USHTOT16', 'USHDEM16', 'USHDEM216', 'USHREP16', 'USHGRN16', 'USHLIB16', 'USHIND16', 'USHSCT16', 'USSTOT16', 'USSDEM16', 'USSREP16', 'USSREP216', 'USSLIB16', 'USSSCT16', 'WSATOT16', 'WSADEM16', 'WSAREP16', 'WSALIB16', 'WSAIND16', 'WSASCT16', 'WSSTOT16', 'WSSDEM16', 'WSSREP16', 'WSSIND16', 'WSSSCT16', 'GOVTOT14', 'GOVDEM14', 'GOVREP14', 'GOVREP214', 'GOVREP314', 'GOVCON14', 'GOVIND14', 'GOVIND214', 'GOVIND314', 'GOVIND414', 'GOVIND514', 'GOVSCT14', 'SOSTOT14', 'SOSDEM14', 'SOSREP14', 'SOSCON14', 'SOSIND14', 'SOSSCT14', 'TRSTOT14', 'TRSDEM14', 'TRSREP14', 'TRSCON14', 'TRSIND14', 'TRSIND214', 'TRSSCT14', 'USHTOT14', 'USHDEM14', 'USHREP14', 'USHREP214', 'USHIND14', 'USHIND214', 'USHSCT14', 'USSTOT14', 'USSDEM14', 'USSREP14', 'USSIND14', 'USSSCT14', 'WAGTOT14', 'WAGDEM14', 'WAGREP14', 'WAGIND14', 'WAGSCT14', 'WSATOT14', 'WSADEM14', 'WSAREP14', 'WSAREP214', 'WSAIND14', 'WSASCT14', 'CDATOT12', 'CDADEM12', 'CDADEM212', 'CDAREP12', 'CDAIND12', 'CDASCT12', 'GOVTOT12', 'GOVDEM12', 'GOVREP12', 'GOVIND12', 'GOVSCT12', 'PRETOT12', 'PREDEM12', 'PREREP12', 'PRECON12', 'PREIND12', 'PREIND212', 'PREIND312', 'PREIND412', 'PREIND512', 'PREIND612', 'PRESCT12', 'USHTOT12', 'USHDEM12', 'USHREP12', 'USHIND12', 'USHSCT12', 'USSTOT12', 'USSDEM12', 'USSREP12', 'USSCON12', 'USSIND12', 'USSIND212', 'USSIND312', 'USSSCT12', 'WAGTOT12', 'WAGDEM12', 'WAGDEM212', 'WAGREP12', 'WAGIND12', 'WAGSCT12', 'WSATOT12', 'WSADEM12', 'WSADEM212', 'WSAREP12', 'WSAREP212', 'WSAIND12', 'WSAIND212', 'WSASCT12', 'WSSTOT12', 'WSSDEM12', 'WSSREP12', 'WSSREP212', 'WSSCON12', 'WSSIND12', 'WSSSCT12', 'WSSAME12', 'geometry']",0,3,0
WI-shapefiles,WI,WI_2020_wards.zip,"['TOTPOP', 'NH_WHITE', 'NH_BLACK', 'NH_AMIN', 'NH_ASIAN', 'NH_NHPI', 'NH_OTHER', 'NH_2MORE', 'HISP', 'H_WHITE', 'H_BLACK', 'H_AMIN', 'H_ASIAN', 'H_NHPI', 'H_OTHER', 'H_2MORE', 'VAP', 'HVAP', 'WVAP', 'BVAP', 'AMINVAP', 'ASIANVAP', 'NHPIVAP', 'OTHERVAP', '2MOREVAP', 'COUNTYFP', 'COUNTY', 'Precinct', 'HDIST', 'SEND', 'CD', 'GOV18R', 'GOV18D', 'SOS18R', 'SOS18D', 'TRE18R', 'TRE18D', 'USH18R', 'USH18D', 'SEN18R', 'SEN18D', 'AG18R', 'AG18D', 'SH18D', 'SH18R', 'SSEN18R', 'SSEN18D', 'PRES16D', 'PRES16R', 'USH16D', 'USH16R', 'SEN16D', 'SEN16R', 'SH16D', 'SH16R', 'SSEN16D', 'SSEN16R', 'GOV14D', 'GOV14R', 'SOS14D', 'SOS14R', 'TRE14D', 'TRE14R', 'USH14D', 'USH14R', 'AG14D', 'AG14R', 'SH14D', 'SH14R', 'SSEN14D', 'SSEN14R', 'GOV12D', 'GOV12R', 'PRES12D', 'PRES12R', 'USH12D', 'USH12R', 'SEN12D', 'SEN12R', 'SH12D', 'SH12R', 'SSEN12D', 'SSEN12R', 'Code', 'Code-2', 'STATE', 'STATEFP', 'geometry']",0,1,0
NC-shapefiles,NC,NC_VTD.zip,"['ALAND10', 'AWATER10', 'VTD', 'County', 'VTD_Key', 'VTD_Name', 'PL10AA_TOT', 'PL10VA_TOT', 'EL08G_GV_D', 'EL08G_GV_R', 'EL08G_GV_L', 'EL08G_GV_T', 'EL08G_USS_', 'EL08G_US_1', 'EL08G_US_2', 'EL08G_US_3', 'EL08G_US_4', 'EL10G_USS_', 'EL10G_US_1', 'EL10G_US_2', 'EL10G_US_3', 'EL10G_US_4', 'EL12G_GV_D', 'EL12G_GV_R', 'EL12G_GV_L', 'EL12G_GV_W', 'EL12G_GV_1', 'EL12G_GV_T', 'EL14G_USS_', 'EL14G_US_1', 'EL14G_US_2', 'EL14G_US_3', 'EL14G_US_4', 'Shape_Leng', 'Shape_Area', 'EL12G_PR_D', 'EL12G_PR_R', 'EL12G_PR_L', 'EL12G_PR_W', 'EL12G_PR_1', 'EL12G_PR_T', 'EL16G_PR_R', 'EL16G_PR_D', 'EL16G_PR_L', 'EL16G_PR_W', 'EL16G_PR_T', 'EL16G_USS_', 'EL16G_US_1', 'EL16G_US_2', 'EL16G_US_3', 'EL16G_GV_D', 'EL16G_GV_R', 'EL16G_GV_L', 'EL16G_GV_T', 'BPOP', 'nBPOP', 'judge', 'newplan', 'oldplan', 'TOTPOP', 'NH_WHITE', 'NH_BLACK', 'NH_AMIN', 'NH_ASIAN', 'NH_NHPI', 'NH_OTHER', 'NH_2MORE', 'HISP', 'H_WHITE', 'H_BLACK', 'H_AMIN', 'H_ASIAN', 'H_NHPI', 'H_OTHER', 'H_2MORE', 'VAP', 'HVAP', 'WVAP', 'BVAP', 'AMINVAP', 'ASIANVAP', 'NHPIVAP', 'OTHERVAP', '2MOREVAP', 'HDIST', 'SEND', 'CD', 'geometry']",0,0,1
ME-shapefiles,ME,Maine.zip,"['County', 'PRES16R', 'PRES16D', 'SEN18R', 'SEN18D', 'SEN14R', 'SEN14D', 'PRES12R', 'PRES12D', 'TOTPOP', 'NH_WHITE', 'NH_BLACK', 'NH_AMIN', 'NH_ASIAN', 'NH_NHPI', 'NH_OTHER', 'NH_2MORE', 'HISP', 'H_WHITE', 'H_BLACK', 'H_AMIN', 'H_ASIAN', 'H_NHPI', 'H_OTHER', 'H_2MORE', 'VAP', 'HVAP', 'WVAP', 'BVAP', 'AMINVAP', 'ASIANVAP', 'NHPIVAP', 'OTHERVAP', '2MOREVAP', 'STATE', 'STATEFP', 'COUNTYFP', 'CODE', 'USH16R', 'USH16D', 'USH18R', 'USH18D', 'SEN18I', 'Precinct', 'HDIST', 'SEND', 'CD', 'PRES16R+', 'PRES16D+', 'SEN18R+', 'SEN18D+', 'SEN18I+', 'USH16R+', 'USH16D+', 'USH18R+', 'USH18D+', 'SEN14R+', 'PRES12R+', 'PRES12D+', 'SEN14D+', 'geometry']",2,4,0
MN-shapefiles,MN,MN12_18.zip,"['VTDID', 'PCTNAME', 'PCTCODE', 'MCDNAME', 'MCDCODE', 'CTU_TYPE', 'COUNTYNAME', 'COUNTYFIPS', 'CONGDIST', 'MNSENDIST', 'MNLEGDIST', 'CTYCOMDIST', 'JUDDIST', 'TOTVOT18', 'SEN18R', 'SEN18D', 'SEN18LM', 'SP_SEN18R', 'SP_SEN18D', 'SP_SEN18LM', 'USH18R', 'USH18D', 'SSEN18R', 'SSEN18D', 'SH18R', 'SH18D', 'GOV18R', 'GOV18D', 'GOV18LC', 'GOV18L', 'SOS18R', 'SOS18D', 'SOS18I', 'AUD18R', 'AUD18D', 'AUD18LM', 'AUD18L', 'AG18R', 'AG18D', 'AG18LC', 'TOTPOP', 'NH_WHITE', 'NH_BLACK', 'NH_AMIN', 'NH_ASIAN', 'NH_NHPI', 'NH_OTHER', 'NH_2MORE', 'HISP', 'H_WHITE', 'H_BLACK', 'H_AMIN', 'H_ASIAN', 'H_NHPI', 'H_OTHER', 'H_2MORE', 'VAP', 'HVAP', 'WVAP', 'BVAP', 'AMINVAP', 'ASIANVAP', 'NHPIVAP', 'OTHERVAP', '2MOREVAP', 'TOTVOT16', 'PRES16R', 'PRES16D', 'PRES16G', 'PRES16I', 'PRES16L', 'USH16R', 'USH16D', 'SSEN16R', 'SSEN16D', 'SH16R', 'SH16D', 'TOTVOT14', 'SEN14I', 'SEN14R', 'SEN14D', 'SEN14L', 'USH14I', 'USH14R', 'USH14D', 'SH14I', 'SH14R', 'SH14D', 'GOV14I', 'GOV14R', 'GOV14D', 'SOS14I', 'SOS14R', 'SOS14D', 'AUD14I', 'AUD14R', 'AUD14D', 'AUD14L', 'AUD14LC', 'AG14I', 'AG14R', 'AG14D', 'AG14G', 'AG14L', 'AG14LM', 'TOTVOT12', 'PRES12R', 'PRES12D', 'PRES12L', 'SEN12I', 'SEN12R', 'SEN12D', 'USH12I', 'USH12R', 'USH12D', 'SSEN12I', 'SSEN12R', 'SSEN12D', 'SH12I', 'SH12R', 'SH12D', 'CA1YES12', 'CA1NO12', 'CA2YES12', 'CA2NO12', 'geometry']",0,0,0
MN-shapefiles,MN,MN14.zip,"['VTDID', 'PCTNAME', 'PCTCODE', 'MCDNAME', 'MCDCODE', 'CTU_TYPE', 'COUNTYNAME', 'COUNTYFIPS', 'CONGDIST', 'MNSENDIST', 'MNLEGDIST', 'CTYCOMDIST', 'JUDDIST', 'TOTVOT14', 'SEN14I', 'SEN14R', 'SEN14D', 'SEN14L', 'USH14I', 'USH14R', 'USH14D', 'SH14I', 'SH14R', 'SH14D', 'GOV14I', 'GOV14R', 'GOV14D', 'SOS14I', 'SOS14R', 'SOS14D', 'AUD14I', 'AUD14R', 'AUD14D', 'AUD14L', 'AUD14LC', 'AG14I', 'AG14R', 'AG14D', 'AG14G', 'AG14L', 'AG14LM', 'TOTPOP', 'NH_WHITE', 'NH_BLACK', 'NH_AMIN', 'NH_ASIAN', 'NH_NHPI', 'NH_OTHER', 'NH_2MORE', 'HISP', 'H_WHITE', 'H_BLACK', 'H_AMIN', 'H_ASIAN', 'H_NHPI', 'H_OTHER', 'H_2MORE', 'VAP', 'HVAP', 'WVAP', 'BVAP', 'AMINVAP', 'ASIANVAP', 'NHPIVAP', 'OTHERVAP', '2MOREVAP', 'geometry']",9,4,0
MN-shapefiles,MN,MN12.zip,"['VTD', 'PCTNAME', 'PCTCODE', 'MCDNAME', 'MCDCODE', 'CTU_TYPE', 'COUNTYNAME', 'COUNTYFIPS', 'CONGDIST', 'MNSENDIST', 'MNLEGDIST', 'CTYCOMDIST', 'JUDDIST', 'TOTVOT12', 'PRES12R', 'PRES12D', 'PRES12L', 'SEN12I', 'SEN12R', 'SEN12D', 'USH12I', 'USH12R', 'USH12D', 'SSEN12I', 'SSEN12R', 'SSEN12D', 'SH12I', 'SH12R', 'SH12D', 'CA1YES12', 'CA1NO12', 'CA2YES12', 'CA2NO12', 'TOTPOP', 'NH_WHITE', 'NH_BLACK', 'NH_AMIN', 'NH_ASIAN', 'NH_NHPI', 'NH_OTHER', 'NH_2MORE', 'HISP', 'H_WHITE', 'H_BLACK', 'H_AMIN', 'H_ASIAN', 'H_NHPI', 'H_OTHER', 'H_2MORE', 'VAP', 'HVAP', 'WVAP', 'BVAP', 'AMINVAP', 'ASIANVAP', 'NHPIVAP', 'OTHERVAP', '2MOREVAP', 'geometry']",82,196,0
MN-shapefiles,MN,MN16.zip,"['VTDID', 'PCTNAME', 'PCTCODE', 'MCDNAME', 'MCDCODE', 'CTU_TYPE', 'COUNTYNAME', 'COUNTYFIPS', 'CONGDIST', 'MNSENDIST', 'MNLEGDIST', 'CTYCOMDIST', 'JUDDIST', 'TOTVOT16', 'PRES16R', 'PRES16D', 'PRES16G', 'PRES16I', 'PRES16L', 'USH16R', 'USH16D', 'SSEN16R', 'SSEN16D', 'SH16R', 'SH16D', 'TOTPOP', 'NH_WHITE', 'NH_BLACK', 'NH_AMIN', 'NH_ASIAN', 'NH_NHPI', 'NH_OTHER', 'NH_2MORE', 'HISP', 'H_WHITE', 'H_BLACK', 'H_AMIN', 'H_ASIAN', 'H_NHPI', 'H_OTHER', 'H_2MORE', 'VAP', 'HVAP', 'WVAP', 'BVAP', 'AMINVAP', 'ASIANVAP', 'NHPIVAP', 'OTHERVAP', '2MOREVAP', 'geometry']",0,0,0
GA-shapefiles,GA,GA_precincts.zip,"['ID', 'DISTRICT', 'PRECINCT_I', 'PRECINCT_N', 'CTYNAME', 'FIPS1', 'FIPS2', 'PRES16D', 'PRES16R', 'PRES16L', 'SEN16D', 'SEN16R', 'SEN16L', 'TOTPOP', 'NH_WHITE', 'NH_BLACK', 'NH_AMIN', 'NH_ASIAN', 'NH_NHPI', 'NH_OTHER', 'NH_2MORE', 'HISP', 'H_WHITE', 'H_BLACK', 'H_AMIN', 'H_ASIAN', 'H_NHPI', 'H_OTHER', 'H_2MORE', 'VAP', 'HVAP', 'WVAP', 'BVAP', 'AMINVAP', 'ASIANVAP', 'NHPIVAP', 'OTHERVAP', '2MOREVAP', 'CD', 'HDIST', 'SEND', 'geometry']",0,0,0
AK-shapefiles,AK,AK_precincts.zip,"['ID', 'AREA', 'DISTRICT', 'NAME', 'POPULATION', 'USH14D', 'USH14R', 'USH14L', 'PRES16D', 'PRES16R', 'PRES16L', 'PRES16G', 'PRES16C', 'SEN16D', 'SEN16R', 'SEN16L', 'USH16D', 'USH16R', 'USH16L', 'GOV18D', 'GOV18R', 'GOV18L', 'USH18D', 'USH18R', 'HDIST', 'TOTPOP', 'WHITE', 'BLACK', 'AMIN', 'ASIAN', 'NHPI', 'OTHER', 'VAP', 'WVAP', 'BVAP', 'AMINVAP', 'ASIANVAP', 'NHPIVAP', 'OTHERVAP', '2MOREVAP', '2MORE', 'geometry']",0,0,0
MI-shapefiles,MI,MI.zip,"['VTD2016_x', 'ShapeSTLen', 'CountyFips', 'Jurisdicti', 'ElectionYe', 'Label', 'VTD', 'county_nam', 'county_fip', 'county_lat', 'county_lon', 'jurisdic_1', 'precinct', 'PRES16D', 'PRES16R', 'PRES16L', 'PRES16G', 'HDIST', 'SENDIST', 'CD', 'TOTPOP', 'NH_WHITE', 'NH_BLACK', 'NH_AMIN', 'NH_ASIAN', 'NH_NHPI', 'NH_OTHER', 'HISP', 'H_WHITE', 'H_BLACK', 'H_AMIN', 'H_ASIAN', 'H_NHPI', 'H_OTHER', 'VAP', 'HVAP', 'WVAP', 'BVAP', 'AMINVAP', 'ASIANVAP', 'NHPIVAP', 'OTHERVAP', '2MOREVAP', 'NH_2MORE', 'H_2MORE', 'geometry']",2,98,0
RI-shapefiles,RI,RI_precincts.zip,"['OBJECTID', 'NAME', 'Shape__Are', 'Shape__Len', 'JOINID', 'PRENAME', 'REGVOT16', 'TOTVOT16', 'PRES16D', 'PRES16R', 'REGVOT18', 'TOTVOT18', 'GOV18D', 'GOV18R', 'SEN18D', 'SEN18R', 'TOTPOP', 'NH_WHITE', 'NH_BLACK', 'NH_AMIN', 'NH_ASIAN', 'NH_NHPI', 'NH_OTHER', 'NH_2MORE', 'HISP', 'VAP', 'HVAP', 'WVAP', 'BVAP', 'AMINVAP', 'ASIANVAP', 'NHPIVAP', 'OTHERVAP', '2MOREVAP', 'HDIST', 'SENDIST', 'CD', 'geometry']",21,502,0
CT-shapefiles,CT,CT_precincts.zip,"['STATEFP10', 'COUNTYFP10', 'NAME10', 'NAMELSAD10', 'PRECINCT', 'AG18D', 'AG18R', 'COMP18D', 'COMP18R', 'GOV18D', 'GOV18R', 'SOS18D', 'SOS18R', 'TRE18D', 'TRE18R', 'SEN18D', 'SEN18R', 'USH18D', 'USH18R', 'TOTPOP', 'NH_WHITE', 'NH_BLACK', 'NH_AMIN', 'NH_ASIAN', 'NH_NHPI', 'NH_OTHER', 'NH_2MORE', 'HISP', 'H_WHITE', 'H_BLACK', 'H_AMIN', 'H_ASIAN', 'H_NHPI', 'H_OTHER', 'H_2MORE', 'VAP', 'HVAP', 'WVAP', 'BVAP', 'AMINVAP', 'ASIANVAP', 'NHPIVAP', 'OTHERVAP', '2MOREVAP', 'CD', 'SEND', 'HDIST', 'geometry']",334,365,0
NE-shapefiles,NE,NE.zip,"['STATEFP10', 'COUNTYFP10', 'county', 'SEND', 'CD', 'State', 'Precinct', 'CODE', 'GOV18D', 'GOV18R', 'USH18D', 'USH18R', 'SOS18D', 'SOS18R', 'TOTPOP', 'NH_WHITE', 'NH_BLACK', 'NH_AMIN', 'NH_ASIAN', 'NH_NHPI', 'NH_OTHER', 'NH_2MORE', 'HISP', 'H_WHITE', 'H_BLACK', 'H_AMIN', 'H_NHPI', 'H_OTHER', 'H_2MORE', 'VAP', 'HVAP', 'WVAP', 'BVAP', 'AMINVAP', 'ASIANVAP', 'NHPIVAP', 'OTHERVAP', '2MOREVAP', 'GOV18D+', 'GOV18R+', 'SOS18D+', 'SOS18R+', 'USH18D+', 'USH18R+', 'geometry']",0,0,1
AZ-shapefiles,AZ,az_precincts.zip,"['COUNTY', 'CNTYABV', 'CODE', 'PRECINCT', 'PCTNAME', 'AG18D', 'AG18R', 'GOV18D', 'GOV18R', 'SOS18D', 'SOS18R', 'SSEN18D', 'SSEN18R', 'TRE18D', 'TRE18R', 'USH18D', 'USH18G', 'USH18R', 'SEN18D', 'SEN18R', 'TOTPOP', 'NH_WHITE', 'NH_BLACK', 'NH_AMIN', 'NH_ASIAN', 'NH_NHPI', 'NH_OTHER', 'NH_2MORE', 'HISP', 'H_WHITE', 'H_BLACK', 'H_AMIN', 'H_ASIAN', 'H_NHPI', 'H_OTHER', 'H_2MORE', 'VAP', 'HVAP', 'WVAP', 'BVAP', 'AMINVAP', 'ASIANVAP', 'NHPIVAP', 'OTHERVAP', '2MOREVAP', 'CD', 'HDIST', 'SEND', 'geometry']",0,0,1
VT-shapefiles,VT,VT_towns.zip,"['STATEFP10', 'COUNTYFP10', 'COUSUBFP10', 'GEOID10', 'NAME10', 'NAMELSAD10', 'ALAND10', 'AWATER10', 'INTPTLAT10', 'INTPTLON10', 'TOTPOP', 'WHITE', 'BLACK', 'AMIN', 'ASIAN', 'NHPI', 'OTHER', '2MORE', 'VAP', 'HISP', 'SENDIST', 'DISTNAME', 'PRES16D', 'PRES16R', 'PRES16B', 'PRES16L', 'PRES16G', 'TOTV16', 'SEN16D', 'SEN16R', 'USH14D', 'USH14R', 'TOTV14', 'PRES12D', 'PRES12R', 'PRES12L', 'TOTV12', 'SEN12B', 'SEN12R', 'USH12D', 'USH12R', 'geometry']",0,3,0
UT-shapefiles,UT,UT_precincts.zip,"['CountyID', 'VistaID', 'PrcncID', 'SbPrcnc', 'AliasNm', 'DsslvID', 'cnty_nm', 'cnty_fp', 'jrsdctn', 'PRES16D', 'PRES16R', 'PRES16I', 'SEN16D', 'SEN16R', 'GOV16D', 'GOV16R', 'TOTPOP', 'NH_WHITE', 'NH_BLACK', 'NH_AMIN', 'NH_ASIAN', 'NH_NHPI', 'NH_OTHER', 'NH_2MORE', 'HISP', 'H_WHITE', 'H_BLACK', 'H_AMIN', 'H_ASIAN', 'H_NHPI', 'H_OTHER', 'H_2MORE', 'VAP', 'HVAP', 'WVAP', 'BVAP', 'AMINVAP', 'ASIANVAP', 'NHPIVAP', 'OTHERVAP', '2MOREVAP', 'CD', 'SENDIST', 'HDIST', 'geometry']",1005,10335,0
IA-shapefiles,IA,IA_counties.zip,"['STATEFP10', 'COUNTYFP10', 'GEOID10', 'NAME10', 'NAMELSAD10', 'ALAND10', 'AWATER10', 'INTPTLAT10', 'INTPTLON10', 'TOTPOP', 'NH_WHITE', 'NH_BLACK', 'NH_AMIN', 'NH_ASIAN', 'NH_NHPI', 'NH_OTHER', 'NH_2MORE', 'HISP', 'H_WHITE', 'H_BLACK', 'H_AMIN', 'H_ASIAN', 'N_NHPI', 'H_OTHER', 'H_2MORE', 'VAP', 'HVAP', 'WVAP', 'BVAP', 'AMINVAP', 'ASIANVAP', 'NHPIVAP', 'OTHERVAP', '2MOREVAP', 'TOTVOT00', 'PRES00D', 'PRES00R', 'PRES00G', 'PRES00OTH', 'TOTVOT04', 'PRES04D', 'PRES04R', 'PRES04OTH', 'TOTVOT08', 'PRES08D', 'PRES08R', 'PRES08OTH', 'TOTVOT12', 'PRES12D', 'PRES12R', 'PRES12OTH', 'TOTVOT16', 'PRES16D', 'PRES16R', 'PRES16OTH', 'CD', 'geometry']",0,0,0
LA-shapefiles,LA,LA_1519.zip,"['GEOID10', 'State', 'STATEFP', 'COUNTYFP', 'County', 'Precinct', 'Code', 'TOTPOP', 'NH_WHITE', 'NH_BLACK', 'NH_AMIN', 'NH_ASIAN', 'NH_NHPI', 'NH_OTHER', 'NH_2MORE', 'HISP', 'H_WHITE', 'H_BLACK', 'H_AMIN', 'H_ASIAN', 'H_NHPI', 'H_OTHER', 'H_2MORE', 'VAP', 'HVAP', 'WVAP', 'BVAP', 'AMINVAP', 'ASIANVAP', 'NHPIVAP', 'OTHERVAP', '2MOREVAP', 'SEN16pU1', 'USH16pU2', 'SEN16pU2', 'USH16pU3', 'SEN16pR1', 'USH16pU4', 'SEN16pU5', 'USH16pU5', 'USH16pU1', 'SEN16pU3', 'SEN16pU4', 'SEN16pD1', 'PRES16D', 'USH16pD1', 'USH16pD2', 'SEN16pD2', 'USH16pD3', 'SEN16pD3', 'USH16pD7', 'USH16pD4', 'USH16pD5', 'SEN16pD4', 'USH16pD6', 'SEN16pD5', 'SEN16pD6', 'USH16pD8', 'USH16pD9', 'USH16pD10', 'USH16pD11', 'SEN16pD7', 'USH16pG1', 'SEN16pL1', 'USH16pL1', 'SEN16pL2', 'USH16pL2', 'USH16pL3', 'USH16pR1', 'USH16pR2', 'USH16pR3', 'USH16pR4', 'USH16pR5', 'SEN16pR2', 'USH16pR6', 'SEN16pR3', 'SEN16pR4', 'SEN16pR5', 'USH16pR7', 'SEN16pR6', 'USH16pR8', 'USH16pR9', 'USH16pR10', 'USH16pR11', 'USH16pR12', 'USH16pR16', 'USH16pR13', 'SEN16pR7', 'SEN16pR8', 'SEN16pR9', 'SEN16pR10', 'USH16pR14', 'USH16pR15', 'USH16pR17', 'PRES16R', 'USH16pR18', 'SEN16roD', 'SEN16roR', 'USH18pD1', 'SOS18pD1', 'USH18pD3', 'USH18pD4', 'USH18pD2', 'USH18pD5', 'SOS18pD2', 'USH18pD6', 'USH18pD7', 'USH18pD8', 'USH18pD9', 'USH18pD10', 'USH18pD11', 'USH18pD12', 'USH18pL1', 'USH18pL2', 'USH18pL3', 'USH18pU1', 'SOS18pI', 'USH18pU2', 'USH18pU3', 'USH18pI1', 'USH18pI2', 'USH18pI3', 'USH18pI4', 'USH18pR1', 'SOS18pR1', 'SOS18pR2', 'SOS18pR3', 'SOS18pR4', 'USH18pR2', 'USH18pR3', 'USH18pR4', 'SOS18pR5', 'USH18pR5', 'USH18pR6', 'SOS18pR6', 'SOS18R', 'SOS18D', 'CAF19pR1', 'CAF19pD3', 'GOV15pD3', 'SOS19D', 'LG19D', 'LG19R', 'GOV15pD2', 'TRE17pR3', 'GOV19D', 'TRE15pR1', 'GOV15D', 'SOS15R', 'GOV15pU2', 'TRE17pR1', 'GOV15R', 'GOV15pD1', 'GOV19pR1', 'GOV19pR2', 'SOS15D', 'TRE17pD1', 'GOV19pD2', 'SOS19R', 'TRE17D', 'GOV15pR1', 'GOV15pU1', 'GOV15pR3', 'TRE17R', 'GOV19R', 'CAF19pR2', 'CAF19pD2', 'TRE17pL1', 'TRE17pR2', 'AG15R2', 'GOV19pR3', 'AG15R1', 'GOV15pR2', 'GOV19pD1', 'AG19R', 'TRE15pR2', 'CAF19pD1', 'GOV15pU3', 'TRE17pR4', 'HDIST', 'SEND', 'CD', 'TRE19pD', 'TRE19pR', 'TRE19pU', 'GOV19pI', 'CI19pR1', 'CI19pR2', 'AG19D', 'PRES16pD1', 'PRES16pD2', 'PRES16pD3', 'PRES16pD4', 'PRES16pD5', 'PRES16pD6', 'PRES16pD7', 'PRES16pD8', 'PRES16pD9', 'PRES16pD10', 'PRES16pR1', 'PRES16pR2', 'PRES16pR3', 'PRES16pR4', 'PRES16pR5', 'PRES16pR6', 'PRES16pR7', 'PRES16pR8', 'PRES16pR9', 'PRES16pR10', 'PRES16pR11', 'PRES16pR12', 'PRES16pR13', 'PRES16pR14', 'geometry']",111,1866,0
VA-shapefiles,VA,VA_precincts.zip,"['precinct', 'locality', 'loc_prec', 'district', 'G18DHOR', 'G18DSEN', 'G18OHOR', 'G18OSEN', 'G18RHOR', 'G18RSEN', 'G17DGOV', 'G17DLTG', 'G17DATG', 'G17DHOD', 'G17RGOV', 'G17RLTG', 'G17RATG', 'G17RHOD', 'G17OHOD', 'G17OGOV', 'G16DPRS', 'G16RPRS', 'G16OPRS', 'G16DHOR', 'G16RHOR', 'G16OHOR', 'TOTPOP', 'NH_WHITE', 'NH_BLACK', 'NH_AMIN', 'NH_ASIAN', 'NH_NHPI', 'NH_OTHER', 'NH_2MORE', 'HISP', 'H_WHITE', 'H_BLACK', 'H_AMN', 'H_ASIAN', 'H_NHPI', 'H_OTHER', 'H_2MORE', 'VAP', 'HVAP', 'WVAP', 'BVAP', 'AMINVAP', 'ASIANVAP', 'NHPIVAP', 'OTHERVAP', '2MOREVAP', 'CD_12', 'CD_16', 'HDIST_11', 'HDIST_REM', 'SENDIST', 'geometry']",4,6,0
HI-shapefiles,HI,HI_precincts.zip,"['NAME', 'DPTYPE', 'COUNTY', 'ZEROPOP', 'BALLOTTYPE', 'CD', 'HDIST', 'SEND', 'SEN18D', 'GOV18D', 'SEN18R', 'GOV18R', 'USH18R', 'USH18D', 'PRES16D', 'PRES16R', 'SEN16D', 'SEN16R', 'USH16D', 'USH16R', 'TOTPOP', 'NH_WHITE', 'NH_BLACK', 'NH_AMIN', 'NH_ASIAN', 'NH_NHPI', 'NH_OTHER', 'NH_2MORE', 'HISP', 'H_WHITE', 'H_BLACK', 'H_AMIN', 'H_ASIAN', 'H_NHPI', 'H_OTHER', 'H_2MORE', 'VAP', 'HVAP', 'WVAP', 'BVAP', 'AMINVAP', 'ASIANVAP', 'NHPIVAP', 'OTHERVAP', '2MOREVAP', 'geometry']",0,0,1
MA-shapefiles,MA,MA_precincts_12_16.zip,"['DISTRICT', 'NAME', 'Shape_Le_1', 'Shape_Area', 'TOWN', 'WARD', 'PRECINCT', 'SEN12D', 'SEN12R', 'PRES12D', 'PRES12R', 'SEN13D', 'SEN13R', 'SEN14D', 'SEN14R', 'PRES16D', 'PRES16R', 'CD', 'SEND', 'HDIST', 'NAME10', 'GOV14R', 'GOV14D', 'GOV14I', 'GOV14U1', 'GOV14U2', 'GOV18R', 'GOV18D', 'SEN18D', 'SEN18R', 'SEN18U', 'RSHARE', 'TOTPOP', 'NH_WHITE', 'NH_BLACK', 'NH_AMIN', 'NH_ASIAN', 'NH_NHPI', 'NH_OTHER', 'NH_2MORE', 'HISP', 'H_WHITE', 'H_BLACK', 'H_AMIN', 'H_ASIAN', 'H_NHPI', 'H_OTHER', 'H_2MORE', 'VAP', 'HVAP', 'WVAP', 'BVAP', 'AMINVAP', 'ASIANVAP', 'NHPIVAP', 'OTHERVAP', '2MOREVAP', 'geometry']",0,0,0
MA-shapefiles,MA,MA_precincts_02_10.zip,"['STATEFP10', 'COUNTYFP10', 'VTDST10', 'GEOID10', 'VTDI10', 'NAME10', 'NAMELSAD10', 'LSAD10', 'MTFCC10', 'FUNCSTAT10', 'ALAND10', 'AWATER10', 'INTPTLAT10', 'INTPTLON10', 'TOWN', 'WARD', 'PRECINCT', 'SEN02D', 'SEN02R', 'PRES04D', 'PRES04R', 'SEN06D', 'SEN06R', 'PRES08D', 'PRES08R', 'SEN08D', 'SEN08R', 'SEN10R', 'SEN10D', 'CD10', 'GOV02R', 'GOV02D', 'GOV02G', 'GOV02L', 'GOV02U', 'GOV06D', 'GOV06R', 'GOV06U', 'GOV06G', 'GOV10D', 'GOV10R', 'GOV10U', 'GOV10G', 'TOTPOP', 'NH_WHITE', 'NH_BLACK', 'NH_AMIN', 'NH_ASIAN', 'NH_NHPI', 'NH_OTHER', 'NH_2MORE', 'HISP', 'H_WHITE', 'H_BLACK', 'H_AMIN', 'H_ASIAN', 'H_NHPI', 'H_OTHER', 'H_2MORE', 'HVAP', 'WVAP', 'BVAP', 'AMINVAP', 'ASIANVAP', 'NHPIVAP', 'OTHERVAP', 'HDIST10', 'SEND10', 'CD00', 'HDIST00', 'SEND00', 'geometry']",0,3,0
MA-shapefiles,MA,MA_no_islands_12_16.zip,"['District', 'Name', 'Population', 'White', 'Black', 'AmIndian', 'Asian', 'Hawaiian', 'Other', '_1_Race', '_2__Races', 'Hispanic_O', 'Not_Hispan', 'Shape_Le_1', 'Shape_Area', 'City/Town', 'Ward', 'Pct', 'SEN12D', 'SEN12R', 'PRES12D', 'PRES12R', 'SEN13D', 'SEN13R', 'SEN14D', 'SEN14R', 'PRES16D', 'PRES16R', 'POP10', 'CD', 'geometry']",0,0,1
MA-shapefiles,MA,MA_no_islands_02_10.zip,"['STATEFP10', 'COUNTYFP10', 'VTDST10', 'GEOID10', 'VTDI10', 'NAME10', 'NAMELSAD10', 'LSAD10', 'MTFCC10', 'FUNCSTAT10', 'ALAND10', 'AWATER10', 'INTPTLAT10', 'INTPTLON10', 'City/Town', 'Ward', 'Pct', 'SEN02D', 'SEN02R', 'PRES04D', 'PRES04R', 'SEN06D', 'SEN06R', 'PRES08D', 'PRES08R', 'SEN08D', 'SEN08R', 'SEN10R', 'SEN10D', 'POP2000', 'CD', 'geometry']",12,30,0
OR-shapefiles,OR,OR_precincts.zip,"['State', 'County', 'Precinct', 'Pct_Name', 'Shape_Leng', 'Shape_Area', 'GOV18D', 'GOV18R', 'GOV18I', 'GOV18L', 'GOV18C', 'USH18D', 'USH18R', 'PRES16D', 'PRES16R', 'PRES16L', 'PRES16G', 'SEN16D', 'SEN16R', 'USH16D', 'USH16R', 'GOV16D', 'GOV16R', 'GOV16I', 'GOV16L', 'AG16D', 'AG16R', 'SOS16D', 'SOS16R', 'SOS16I', 'SOS16G', 'SOS16L', 'CD', 'HDIST', 'SEND', 'TOTPOP', 'NH_WHITE', 'NH_BLACK', 'NH_AMIN', 'NH_ASIAN', 'NH_NHPI', 'NH_OTHER', 'NH_2MORE', 'HISP', 'H_WHITE', 'H_BLACK', 'H_AMIN', 'H_ASIAN', 'H_NHPI', 'H_OTHER', 'H_2MORE', 'VAP', 'HVAP', 'WVAP', 'BVAP', 'AMINVAP', 'ASIANVAP', 'NHPIVAP', 'OTHERVAP', '2MOREVAP', 'geometry']",848,5380,0
OH-shapefiles,OH,OH_precincts.zip,"['CNTYFIPS', 'COUNTY', 'CODE', 'PRECODE', 'PRECINCT', 'PRENAME', 'TOTREG16', 'TOTVOTE16', 'TURNOUT16', 'PRES16R', 'PRES16D', 'PRES16L', 'PRES16G', 'SEN16R', 'SEN16D', 'USH16R', 'USH16D', 'SSEN16R', 'SSEN16D', 'STH16D', 'STH16R', 'TOTPOP', 'NH_WHITE', 'NH_BLACK', 'NH_AMIN', 'NH_ASIAN', 'NH_NHPI', 'NH_OTHER', 'NH_2MORE', 'HISP', 'H_WHITE', 'H_BLACK', 'H_AMIN', 'H_ASIAN', 'H_NHPI', 'H_OTHER', 'H_2MORE', 'VAP', 'HVAP', 'WVAP', 'BVAP', 'AMINVAP', 'ASIANVAP', 'NHPIVAP', 'OTHERVAP', '2MOREVAP', 'CD', 'SEND', 'HDIST', 'geometry']",7373,34696,0
OK-shapefiles,OK,OK_precincts.zip,"['PRECINCT', 'COUNTY', 'CNTYNAME', 'CNTYFIPS', 'PRECODE', 'AG18D', 'AG18R', 'AUD18L', 'AUD18R', 'GOV18D', 'GOV18R', 'LG18D', 'LG18R', 'TRE18I', 'TRE18R', 'USH18D', 'USH18R', 'TOTPOP', 'NH_WHITE', 'NH_BLACK', 'NH_AMIN', 'NH_ASIAN', 'NH_NHPI', 'NH_OTHER', 'NH_2MORE', 'HISP', 'H_WHITE', 'H_BLACK', 'H_AMIN', 'H_ASIAN', 'H_NHPI', 'H_OTHER', 'H_2MORE', 'VAP', 'HVAP', 'WVAP', 'BVAP', 'AMINVAP', 'ASIANVAP', 'NHPIVAP', 'OTHERVAP', '2MOREVAP', 'CD', 'SEND', 'HDIST', 'geometry']",398,6504,0
CO-shapefiles,CO,CO_precincts.zip,"['COUNTYFP', 'VTDST', 'NAME', 'CD116FP', 'SLDUST', 'SLDLST', 'PRECID', 'AG18D', 'AG18R', 'SOS18D', 'SOS18R', 'TRE18D', 'TRE18R', 'GOV18D', 'GOV18R', 'REG18D', 'REG18R', 'USH18D', 'USH18R', 'TOTPOP', 'NH_WHITE', 'NH_BLACK', 'NH_AMIN', 'NH_ASIAN', 'NH_NHPI', 'NH_OTHER', 'NH_2MORE', 'HISP', 'H_WHITE', 'H_BLACK', 'H_AMIN', 'H_ASIAN', 'H_NHPI', 'H_OTHER', 'H_2MORE', 'VAP', 'HVAP', 'WVAP', 'BVAP', 'AMINVAP', 'ASIANVAP', 'NHPIVAP', 'OTHERVAP', '2MOREVAP', 'geometry']",0,0,0
DE-shapefiles,DE,DE_precincts.zip,"['ID', 'EDRD_2012', 'POPULATION', 'District_1', 'PRES12D', 'PRES12R', 'SEN12D', 'SEN12R', 'USH12D', 'USH12R', 'GOV12D', 'GOV12R', 'LG12D', 'LG12R', 'SSEN12D', 'SSEN12R', 'SH12D', 'SH12R', 'SEN14D', 'SEN14R', 'USH14D', 'USH14R', 'AG14D', 'AG14R', 'TRE14D', 'TRE14R', 'AUD14D', 'AUD14R', 'SH14D', 'SH14R', 'PRES16D', 'PRES16R', 'USH16D', 'USH16R', 'GOV16D', 'GOV16R', 'LG16D', 'LG16R', 'SH16D', 'SH16R', 'SEN18D', 'SEN18R', 'USH18D', 'USH18R', 'TRE18D', 'TRE18R', 'AUD18D', 'AUD18R', 'SH18D', 'SH18R', 'AG18D', 'AG18R', 'TOTPOP', 'NH_WHITE', 'NH_BLACK', 'NH_AMIN', 'NH_ASIAN', 'NH_NHPI', 'NH_OTHER', 'NH_2MORE', 'HISP', 'H_WHITE', 'H_BLACK', 'H_AMIN', 'H_ASIAN', 'H_NHPI', 'H_OTHER', 'H_2MORE', 'VAP', 'HVAP', 'WVAP', 'BVAP', 'AMINVAP', 'ASIANVAP', 'NHPIVAP', 'OTHERVAP', '2MOREVAP', 'SEND', 'HDIST', 'geometry']",0,0,0
MD-shapefiles,MD,MD_precincts_abs.zip,"['NAME', 'CNG02', 'COUNTY', 'LEG02', 'VTD', 'MCD', 'STATE', 'VTD_1', 'PLACE', 'UNADJPOP', 'ADJ_POP', 'ADJ_WHITE', 'ADJ_BLACK', 'ADJ_AMIN', 'ADJ_ASIAN', 'ADJ_NHPI', 'ADJ_OTHER', 'ADJ_VAP', 'ADJ_2MORE', 'UNADJHISP', 'ADJ_WVAP', 'ADJ_BVAP', 'ADJAMINVAP', 'ADJASNVAP', 'ADJNHPIVAP', 'ADJOTHVAP', 'OCCUPIED', 'UNOCCUPIED', 'PRES12R', 'PRES12D', 'SEN12R', 'SEN12D', 'SEN12U', 'SEN12L', 'USH12R', 'USH12D', 'GOV14R', 'GOV14D', 'AG14D', 'AG14R', 'AG14L', 'COMP14R', 'COMP14D', 'USH14R', 'USH14D', 'SSEN14R', 'SSEN14D', 'SSEN14U', 'PRES16R', 'PRES16D', 'PRES16L', 'PRES16G', 'SEN16R', 'SEN16D', 'SEN16G', 'USH16R', 'USH16D', 'GOV18R', 'GOV18D', 'SEN18R', 'SEN18D', 'USH18R', 'USH18D', 'AG18R', 'AG18D', 'COMP18R', 'COMP18D', 'SSEN18R', 'SSEN18D', 'SSEN18G', 'SSEN18L', 'SSEN18U', 'TOTPOP', 'NH_WHITE', 'NH_BLACK', 'NH_AMIN', 'NH_ASIAN', 'NH_NHPI', 'NH_OTHER', 'NH_2MORE', 'HISP', 'H_WHITE', 'H_BLACK', 'H_AMIN', 'H_ASIAN', 'H_NHPI', 'H_OTHER', 'H_2MORE', 'VAP', 'HVAP', 'WVAP', 'BVAP', 'AMINVAP', 'ASIANVAP', 'NHPIVAP', 'OTHERVAP', '2MOREVAP', 'CD', 'LEG10', 'ADJ_nBVAP', 'nBVAP', 'HDIST', 'SEND', 'geometry']",0,4,0
MD-shapefiles,MD,MD_precincts.zip,"['NAME', 'CNG02', 'COUNTY', 'LEG02', 'VTD', 'MCD', 'STATE', 'VTD_1', 'PLACE', 'UNADJPOP', 'ADJ_POP', 'ADJ_WHITE', 'ADJ_BLACK', 'ADJ_AMIN', 'ADJ_ASIAN', 'ADJ_NHPI', 'ADJ_OTHER', 'ADJ_VAP', 'ADJ_2MORE', 'UNADJHISP', 'ADJ_WVAP', 'ADJ_BVAP', 'ADJAMINVAP', 'ADJASNVAP', 'ADJNHPIVAP', 'ADJOTHVAP', 'OCCUPIED', 'UNOCCUPIED', 'PRES12R', 'PRES12D', 'SEN12R', 'SEN12D', 'SEN12U', 'SEN12L', 'USH12R', 'USH12D', 'GOV14R', 'GOV14D', 'AG14D', 'AG14R', 'AG14L', 'COMP14R', 'COMP14D', 'USH14R', 'USH14D', 'SSEN14R', 'SSEN14D', 'SSEN14U', 'PRES16R', 'PRES16D', 'PRES16L', 'PRES16G', 'SEN16R', 'SEN16D', 'SEN16G', 'USH16R', 'USH16D', 'GOV18R', 'GOV18D', 'SEN18R', 'SEN18D', 'USH18R', 'USH18D', 'AG18R', 'AG18D', 'COMP18R', 'COMP18D', 'SSEN18R', 'SSEN18D', 'SSEN18G', 'SSEN18L', 'SSEN18U', 'TOTPOP', 'NH_WHITE', 'NH_BLACK', 'NH_AMIN', 'NH_ASIAN', 'NH_NHPI', 'NH_OTHER', 'NH_2MORE', 'HISP', 'H_WHITE', 'H_BLACK', 'H_AMIN', 'H_ASIAN', 'H_NHPI', 'H_OTHER', 'H_2MORE', 'VAP', 'HVAP', 'WVAP', 'BVAP', 'AMINVAP', 'ASIANVAP', 'NHPIVAP', 'OTHERVAP', '2MOREVAP', 'CD', 'HDIST', 'SEND', 'geometry']",0,0,1
